sample-id	absolute-filepath
ERR4250198	/datasets/project_2/depression/depression_seqs/ERR4250198.fastq.gz
ERR4250199	/datasets/project_2/depression/depression_seqs/ERR4250199.fastq.gz
ERR4250200	/datasets/project_2/depression/depression_seqs/ERR4250200.fastq.gz
ERR4250201	/datasets/project_2/depression/depression_seqs/ERR4250201.fastq.gz
ERR4250202	/datasets/project_2/depression/depression_seqs/ERR4250202.fastq.gz
ERR4250203	/datasets/project_2/depression/depression_seqs/ERR4250203.fastq.gz
ERR4250204	/datasets/project_2/depression/depression_seqs/ERR4250204.fastq.gz
ERR4250205	/datasets/project_2/depression/depression_seqs/ERR4250205.fastq.gz
ERR4250206	/datasets/project_2/depression/depression_seqs/ERR4250206.fastq.gz
ERR4250207	/datasets/project_2/depression/depression_seqs/ERR4250207.fastq.gz
ERR4250208	/datasets/project_2/depression/depression_seqs/ERR4250208.fastq.gz
ERR4250209	/datasets/project_2/depression/depression_seqs/ERR4250209.fastq.gz
ERR4250210	/datasets/project_2/depression/depression_seqs/ERR4250210.fastq.gz
ERR4250211	/datasets/project_2/depression/depression_seqs/ERR4250211.fastq.gz
ERR4250212	/datasets/project_2/depression/depression_seqs/ERR4250212.fastq.gz
ERR4250213	/datasets/project_2/depression/depression_seqs/ERR4250213.fastq.gz
ERR4250214	/datasets/project_2/depression/depression_seqs/ERR4250214.fastq.gz
ERR4250215	/datasets/project_2/depression/depression_seqs/ERR4250215.fastq.gz
ERR4250216	/datasets/project_2/depression/depression_seqs/ERR4250216.fastq.gz
ERR4250217	/datasets/project_2/depression/depression_seqs/ERR4250217.fastq.gz
ERR4250218	/datasets/project_2/depression/depression_seqs/ERR4250218.fastq.gz
ERR4250219	/datasets/project_2/depression/depression_seqs/ERR4250219.fastq.gz
ERR4250220	/datasets/project_2/depression/depression_seqs/ERR4250220.fastq.gz
ERR4250221	/datasets/project_2/depression/depression_seqs/ERR4250221.fastq.gz
ERR4250222	/datasets/project_2/depression/depression_seqs/ERR4250222.fastq.gz
ERR4250223	/datasets/project_2/depression/depression_seqs/ERR4250223.fastq.gz
ERR4250224	/datasets/project_2/depression/depression_seqs/ERR4250224.fastq.gz
ERR4250225	/datasets/project_2/depression/depression_seqs/ERR4250225.fastq.gz
ERR4250226	/datasets/project_2/depression/depression_seqs/ERR4250226.fastq.gz
ERR4250227	/datasets/project_2/depression/depression_seqs/ERR4250227.fastq.gz
ERR4250228	/datasets/project_2/depression/depression_seqs/ERR4250228.fastq.gz
ERR4250229	/datasets/project_2/depression/depression_seqs/ERR4250229.fastq.gz
ERR4250230	/datasets/project_2/depression/depression_seqs/ERR4250230.fastq.gz
ERR4250231	/datasets/project_2/depression/depression_seqs/ERR4250231.fastq.gz
ERR4250232	/datasets/project_2/depression/depression_seqs/ERR4250232.fastq.gz
ERR4250233	/datasets/project_2/depression/depression_seqs/ERR4250233.fastq.gz
ERR4250234	/datasets/project_2/depression/depression_seqs/ERR4250234.fastq.gz
ERR4250235	/datasets/project_2/depression/depression_seqs/ERR4250235.fastq.gz
ERR4250236	/datasets/project_2/depression/depression_seqs/ERR4250236.fastq.gz
ERR4250237	/datasets/project_2/depression/depression_seqs/ERR4250237.fastq.gz
ERR4250238	/datasets/project_2/depression/depression_seqs/ERR4250238.fastq.gz
ERR4250239	/datasets/project_2/depression/depression_seqs/ERR4250239.fastq.gz
ERR4250240	/datasets/project_2/depression/depression_seqs/ERR4250240.fastq.gz
ERR4250241	/datasets/project_2/depression/depression_seqs/ERR4250241.fastq.gz
ERR4250242	/datasets/project_2/depression/depression_seqs/ERR4250242.fastq.gz
ERR4250243	/datasets/project_2/depression/depression_seqs/ERR4250243.fastq.gz
ERR4250244	/datasets/project_2/depression/depression_seqs/ERR4250244.fastq.gz
ERR4250245	/datasets/project_2/depression/depression_seqs/ERR4250245.fastq.gz
ERR4250246	/datasets/project_2/depression/depression_seqs/ERR4250246.fastq.gz
ERR4250247	/datasets/project_2/depression/depression_seqs/ERR4250247.fastq.gz
ERR4250248	/datasets/project_2/depression/depression_seqs/ERR4250248.fastq.gz
ERR4250249	/datasets/project_2/depression/depression_seqs/ERR4250249.fastq.gz
ERR4250250	/datasets/project_2/depression/depression_seqs/ERR4250250.fastq.gz
ERR4250251	/datasets/project_2/depression/depression_seqs/ERR4250251.fastq.gz
ERR4250252	/datasets/project_2/depression/depression_seqs/ERR4250252.fastq.gz
ERR4250253	/datasets/project_2/depression/depression_seqs/ERR4250253.fastq.gz
ERR4250254	/datasets/project_2/depression/depression_seqs/ERR4250254.fastq.gz
ERR4250255	/datasets/project_2/depression/depression_seqs/ERR4250255.fastq.gz
ERR4250256	/datasets/project_2/depression/depression_seqs/ERR4250256.fastq.gz
ERR4250257	/datasets/project_2/depression/depression_seqs/ERR4250257.fastq.gz
ERR4250258	/datasets/project_2/depression/depression_seqs/ERR4250258.fastq.gz
ERR4250259	/datasets/project_2/depression/depression_seqs/ERR4250259.fastq.gz
ERR4250260	/datasets/project_2/depression/depression_seqs/ERR4250260.fastq.gz
ERR4250261	/datasets/project_2/depression/depression_seqs/ERR4250261.fastq.gz
ERR4250262	/datasets/project_2/depression/depression_seqs/ERR4250262.fastq.gz
ERR4250263	/datasets/project_2/depression/depression_seqs/ERR4250263.fastq.gz
ERR4250264	/datasets/project_2/depression/depression_seqs/ERR4250264.fastq.gz
ERR4250265	/datasets/project_2/depression/depression_seqs/ERR4250265.fastq.gz
ERR4250266	/datasets/project_2/depression/depression_seqs/ERR4250266.fastq.gz
ERR4250267	/datasets/project_2/depression/depression_seqs/ERR4250267.fastq.gz
ERR4250268	/datasets/project_2/depression/depression_seqs/ERR4250268.fastq.gz
ERR4250269	/datasets/project_2/depression/depression_seqs/ERR4250269.fastq.gz
ERR4250270	/datasets/project_2/depression/depression_seqs/ERR4250270.fastq.gz
ERR4250271	/datasets/project_2/depression/depression_seqs/ERR4250271.fastq.gz
ERR4250272	/datasets/project_2/depression/depression_seqs/ERR4250272.fastq.gz
ERR4250273	/datasets/project_2/depression/depression_seqs/ERR4250273.fastq.gz
ERR4250274	/datasets/project_2/depression/depression_seqs/ERR4250274.fastq.gz
ERR4250275	/datasets/project_2/depression/depression_seqs/ERR4250275.fastq.gz
ERR4250276	/datasets/project_2/depression/depression_seqs/ERR4250276.fastq.gz
ERR4250277	/datasets/project_2/depression/depression_seqs/ERR4250277.fastq.gz
ERR4250278	/datasets/project_2/depression/depression_seqs/ERR4250278.fastq.gz
ERR4250279	/datasets/project_2/depression/depression_seqs/ERR4250279.fastq.gz
ERR4250280	/datasets/project_2/depression/depression_seqs/ERR4250280.fastq.gz
ERR4250281	/datasets/project_2/depression/depression_seqs/ERR4250281.fastq.gz
ERR4250282	/datasets/project_2/depression/depression_seqs/ERR4250282.fastq.gz
ERR4250283	/datasets/project_2/depression/depression_seqs/ERR4250283.fastq.gz
ERR4250284	/datasets/project_2/depression/depression_seqs/ERR4250284.fastq.gz
ERR4250285	/datasets/project_2/depression/depression_seqs/ERR4250285.fastq.gz
ERR4250286	/datasets/project_2/depression/depression_seqs/ERR4250286.fastq.gz
ERR4250287	/datasets/project_2/depression/depression_seqs/ERR4250287.fastq.gz
ERR4250288	/datasets/project_2/depression/depression_seqs/ERR4250288.fastq.gz
ERR4250289	/datasets/project_2/depression/depression_seqs/ERR4250289.fastq.gz
ERR4250290	/datasets/project_2/depression/depression_seqs/ERR4250290.fastq.gz
ERR4250291	/datasets/project_2/depression/depression_seqs/ERR4250291.fastq.gz
ERR4250292	/datasets/project_2/depression/depression_seqs/ERR4250292.fastq.gz
ERR4250293	/datasets/project_2/depression/depression_seqs/ERR4250293.fastq.gz
ERR4250294	/datasets/project_2/depression/depression_seqs/ERR4250294.fastq.gz
ERR4250295	/datasets/project_2/depression/depression_seqs/ERR4250295.fastq.gz
ERR4250296	/datasets/project_2/depression/depression_seqs/ERR4250296.fastq.gz
ERR4250297	/datasets/project_2/depression/depression_seqs/ERR4250297.fastq.gz
ERR4250298	/datasets/project_2/depression/depression_seqs/ERR4250298.fastq.gz
ERR4250299	/datasets/project_2/depression/depression_seqs/ERR4250299.fastq.gz
ERR4250300	/datasets/project_2/depression/depression_seqs/ERR4250300.fastq.gz
ERR4250301	/datasets/project_2/depression/depression_seqs/ERR4250301.fastq.gz
ERR4250302	/datasets/project_2/depression/depression_seqs/ERR4250302.fastq.gz
ERR4250303	/datasets/project_2/depression/depression_seqs/ERR4250303.fastq.gz
ERR4250304	/datasets/project_2/depression/depression_seqs/ERR4250304.fastq.gz
ERR4250305	/datasets/project_2/depression/depression_seqs/ERR4250305.fastq.gz
ERR4250306	/datasets/project_2/depression/depression_seqs/ERR4250306.fastq.gz
ERR4250307	/datasets/project_2/depression/depression_seqs/ERR4250307.fastq.gz
ERR4250308	/datasets/project_2/depression/depression_seqs/ERR4250308.fastq.gz
ERR4250309	/datasets/project_2/depression/depression_seqs/ERR4250309.fastq.gz
ERR4250310	/datasets/project_2/depression/depression_seqs/ERR4250310.fastq.gz
ERR4250311	/datasets/project_2/depression/depression_seqs/ERR4250311.fastq.gz
ERR4250312	/datasets/project_2/depression/depression_seqs/ERR4250312.fastq.gz
ERR4250313	/datasets/project_2/depression/depression_seqs/ERR4250313.fastq.gz
ERR4250314	/datasets/project_2/depression/depression_seqs/ERR4250314.fastq.gz
ERR4250315	/datasets/project_2/depression/depression_seqs/ERR4250315.fastq.gz
ERR4250316	/datasets/project_2/depression/depression_seqs/ERR4250316.fastq.gz
ERR4250317	/datasets/project_2/depression/depression_seqs/ERR4250317.fastq.gz
ERR4250318	/datasets/project_2/depression/depression_seqs/ERR4250318.fastq.gz
ERR4250319	/datasets/project_2/depression/depression_seqs/ERR4250319.fastq.gz
ERR4250320	/datasets/project_2/depression/depression_seqs/ERR4250320.fastq.gz
ERR4250321	/datasets/project_2/depression/depression_seqs/ERR4250321.fastq.gz
ERR4250322	/datasets/project_2/depression/depression_seqs/ERR4250322.fastq.gz
ERR4250323	/datasets/project_2/depression/depression_seqs/ERR4250323.fastq.gz
ERR4250324	/datasets/project_2/depression/depression_seqs/ERR4250324.fastq.gz
ERR4250325	/datasets/project_2/depression/depression_seqs/ERR4250325.fastq.gz
ERR4250326	/datasets/project_2/depression/depression_seqs/ERR4250326.fastq.gz
ERR4250327	/datasets/project_2/depression/depression_seqs/ERR4250327.fastq.gz
ERR4250328	/datasets/project_2/depression/depression_seqs/ERR4250328.fastq.gz
ERR4250329	/datasets/project_2/depression/depression_seqs/ERR4250329.fastq.gz
ERR4250330	/datasets/project_2/depression/depression_seqs/ERR4250330.fastq.gz
ERR4250331	/datasets/project_2/depression/depression_seqs/ERR4250331.fastq.gz
ERR4250332	/datasets/project_2/depression/depression_seqs/ERR4250332.fastq.gz
ERR4250333	/datasets/project_2/depression/depression_seqs/ERR4250333.fastq.gz
ERR4250334	/datasets/project_2/depression/depression_seqs/ERR4250334.fastq.gz
ERR4250335	/datasets/project_2/depression/depression_seqs/ERR4250335.fastq.gz
ERR4250336	/datasets/project_2/depression/depression_seqs/ERR4250336.fastq.gz
ERR4250337	/datasets/project_2/depression/depression_seqs/ERR4250337.fastq.gz
ERR4250338	/datasets/project_2/depression/depression_seqs/ERR4250338.fastq.gz
ERR4250339	/datasets/project_2/depression/depression_seqs/ERR4250339.fastq.gz
ERR4250340	/datasets/project_2/depression/depression_seqs/ERR4250340.fastq.gz
ERR4250341	/datasets/project_2/depression/depression_seqs/ERR4250341.fastq.gz
ERR4250342	/datasets/project_2/depression/depression_seqs/ERR4250342.fastq.gz
ERR4250343	/datasets/project_2/depression/depression_seqs/ERR4250343.fastq.gz
ERR4250344	/datasets/project_2/depression/depression_seqs/ERR4250344.fastq.gz
ERR4250345	/datasets/project_2/depression/depression_seqs/ERR4250345.fastq.gz
ERR4250346	/datasets/project_2/depression/depression_seqs/ERR4250346.fastq.gz
ERR4250347	/datasets/project_2/depression/depression_seqs/ERR4250347.fastq.gz
ERR4250348	/datasets/project_2/depression/depression_seqs/ERR4250348.fastq.gz
ERR4250349	/datasets/project_2/depression/depression_seqs/ERR4250349.fastq.gz
ERR4250350	/datasets/project_2/depression/depression_seqs/ERR4250350.fastq.gz
ERR4250351	/datasets/project_2/depression/depression_seqs/ERR4250351.fastq.gz
ERR4250352	/datasets/project_2/depression/depression_seqs/ERR4250352.fastq.gz
ERR4250353	/datasets/project_2/depression/depression_seqs/ERR4250353.fastq.gz
ERR4250354	/datasets/project_2/depression/depression_seqs/ERR4250354.fastq.gz
ERR4250355	/datasets/project_2/depression/depression_seqs/ERR4250355.fastq.gz
ERR4250356	/datasets/project_2/depression/depression_seqs/ERR4250356.fastq.gz
ERR4250357	/datasets/project_2/depression/depression_seqs/ERR4250357.fastq.gz
ERR4250358	/datasets/project_2/depression/depression_seqs/ERR4250358.fastq.gz
ERR4250359	/datasets/project_2/depression/depression_seqs/ERR4250359.fastq.gz
ERR4250360	/datasets/project_2/depression/depression_seqs/ERR4250360.fastq.gz
ERR4250361	/datasets/project_2/depression/depression_seqs/ERR4250361.fastq.gz
ERR4250362	/datasets/project_2/depression/depression_seqs/ERR4250362.fastq.gz
ERR4250363	/datasets/project_2/depression/depression_seqs/ERR4250363.fastq.gz
ERR4250364	/datasets/project_2/depression/depression_seqs/ERR4250364.fastq.gz
ERR4250365	/datasets/project_2/depression/depression_seqs/ERR4250365.fastq.gz
ERR4250366	/datasets/project_2/depression/depression_seqs/ERR4250366.fastq.gz
ERR4250367	/datasets/project_2/depression/depression_seqs/ERR4250367.fastq.gz
ERR4250368	/datasets/project_2/depression/depression_seqs/ERR4250368.fastq.gz
ERR4250369	/datasets/project_2/depression/depression_seqs/ERR4250369.fastq.gz
ERR4250370	/datasets/project_2/depression/depression_seqs/ERR4250370.fastq.gz
ERR4250371	/datasets/project_2/depression/depression_seqs/ERR4250371.fastq.gz
ERR4250372	/datasets/project_2/depression/depression_seqs/ERR4250372.fastq.gz
ERR4250373	/datasets/project_2/depression/depression_seqs/ERR4250373.fastq.gz
ERR4250374	/datasets/project_2/depression/depression_seqs/ERR4250374.fastq.gz
ERR4250375	/datasets/project_2/depression/depression_seqs/ERR4250375.fastq.gz
ERR4250376	/datasets/project_2/depression/depression_seqs/ERR4250376.fastq.gz
ERR4250377	/datasets/project_2/depression/depression_seqs/ERR4250377.fastq.gz
ERR4250378	/datasets/project_2/depression/depression_seqs/ERR4250378.fastq.gz
ERR4250379	/datasets/project_2/depression/depression_seqs/ERR4250379.fastq.gz
ERR4250380	/datasets/project_2/depression/depression_seqs/ERR4250380.fastq.gz
ERR4250381	/datasets/project_2/depression/depression_seqs/ERR4250381.fastq.gz
ERR4250382	/datasets/project_2/depression/depression_seqs/ERR4250382.fastq.gz
ERR4250383	/datasets/project_2/depression/depression_seqs/ERR4250383.fastq.gz
ERR4250384	/datasets/project_2/depression/depression_seqs/ERR4250384.fastq.gz
ERR4250385	/datasets/project_2/depression/depression_seqs/ERR4250385.fastq.gz
ERR4250386	/datasets/project_2/depression/depression_seqs/ERR4250386.fastq.gz
ERR4250387	/datasets/project_2/depression/depression_seqs/ERR4250387.fastq.gz
ERR4250388	/datasets/project_2/depression/depression_seqs/ERR4250388.fastq.gz
ERR4250389	/datasets/project_2/depression/depression_seqs/ERR4250389.fastq.gz
ERR4250390	/datasets/project_2/depression/depression_seqs/ERR4250390.fastq.gz
ERR4250391	/datasets/project_2/depression/depression_seqs/ERR4250391.fastq.gz
ERR4250392	/datasets/project_2/depression/depression_seqs/ERR4250392.fastq.gz
ERR4250393	/datasets/project_2/depression/depression_seqs/ERR4250393.fastq.gz
ERR4250394	/datasets/project_2/depression/depression_seqs/ERR4250394.fastq.gz
ERR4250395	/datasets/project_2/depression/depression_seqs/ERR4250395.fastq.gz
ERR4250396	/datasets/project_2/depression/depression_seqs/ERR4250396.fastq.gz
ERR4250397	/datasets/project_2/depression/depression_seqs/ERR4250397.fastq.gz
ERR4250398	/datasets/project_2/depression/depression_seqs/ERR4250398.fastq.gz
ERR4250399	/datasets/project_2/depression/depression_seqs/ERR4250399.fastq.gz
ERR4250400	/datasets/project_2/depression/depression_seqs/ERR4250400.fastq.gz
ERR4250401	/datasets/project_2/depression/depression_seqs/ERR4250401.fastq.gz
ERR4250402	/datasets/project_2/depression/depression_seqs/ERR4250402.fastq.gz
ERR4250403	/datasets/project_2/depression/depression_seqs/ERR4250403.fastq.gz
ERR4250404	/datasets/project_2/depression/depression_seqs/ERR4250404.fastq.gz
ERR4250405	/datasets/project_2/depression/depression_seqs/ERR4250405.fastq.gz
ERR4250406	/datasets/project_2/depression/depression_seqs/ERR4250406.fastq.gz
ERR4250407	/datasets/project_2/depression/depression_seqs/ERR4250407.fastq.gz
ERR4250408	/datasets/project_2/depression/depression_seqs/ERR4250408.fastq.gz
ERR4250409	/datasets/project_2/depression/depression_seqs/ERR4250409.fastq.gz
ERR4250410	/datasets/project_2/depression/depression_seqs/ERR4250410.fastq.gz
ERR4250411	/datasets/project_2/depression/depression_seqs/ERR4250411.fastq.gz
ERR4250412	/datasets/project_2/depression/depression_seqs/ERR4250412.fastq.gz
ERR4250413	/datasets/project_2/depression/depression_seqs/ERR4250413.fastq.gz
ERR4250414	/datasets/project_2/depression/depression_seqs/ERR4250414.fastq.gz
ERR4250415	/datasets/project_2/depression/depression_seqs/ERR4250415.fastq.gz
ERR4250416	/datasets/project_2/depression/depression_seqs/ERR4250416.fastq.gz
ERR4250417	/datasets/project_2/depression/depression_seqs/ERR4250417.fastq.gz
ERR4250418	/datasets/project_2/depression/depression_seqs/ERR4250418.fastq.gz
ERR4250419	/datasets/project_2/depression/depression_seqs/ERR4250419.fastq.gz
ERR4250420	/datasets/project_2/depression/depression_seqs/ERR4250420.fastq.gz
ERR4250421	/datasets/project_2/depression/depression_seqs/ERR4250421.fastq.gz
ERR4250422	/datasets/project_2/depression/depression_seqs/ERR4250422.fastq.gz
ERR4250423	/datasets/project_2/depression/depression_seqs/ERR4250423.fastq.gz
ERR4250424	/datasets/project_2/depression/depression_seqs/ERR4250424.fastq.gz
ERR4250425	/datasets/project_2/depression/depression_seqs/ERR4250425.fastq.gz
ERR4250426	/datasets/project_2/depression/depression_seqs/ERR4250426.fastq.gz
ERR4250427	/datasets/project_2/depression/depression_seqs/ERR4250427.fastq.gz
ERR4250428	/datasets/project_2/depression/depression_seqs/ERR4250428.fastq.gz
ERR4250429	/datasets/project_2/depression/depression_seqs/ERR4250429.fastq.gz
ERR4250430	/datasets/project_2/depression/depression_seqs/ERR4250430.fastq.gz
ERR4250431	/datasets/project_2/depression/depression_seqs/ERR4250431.fastq.gz
ERR4250432	/datasets/project_2/depression/depression_seqs/ERR4250432.fastq.gz
ERR4250433	/datasets/project_2/depression/depression_seqs/ERR4250433.fastq.gz
ERR4250434	/datasets/project_2/depression/depression_seqs/ERR4250434.fastq.gz
ERR4250435	/datasets/project_2/depression/depression_seqs/ERR4250435.fastq.gz
ERR4250436	/datasets/project_2/depression/depression_seqs/ERR4250436.fastq.gz
ERR4250437	/datasets/project_2/depression/depression_seqs/ERR4250437.fastq.gz
ERR4250438	/datasets/project_2/depression/depression_seqs/ERR4250438.fastq.gz
ERR4250439	/datasets/project_2/depression/depression_seqs/ERR4250439.fastq.gz
ERR4250440	/datasets/project_2/depression/depression_seqs/ERR4250440.fastq.gz
ERR4250441	/datasets/project_2/depression/depression_seqs/ERR4250441.fastq.gz
ERR4250442	/datasets/project_2/depression/depression_seqs/ERR4250442.fastq.gz
ERR4250443	/datasets/project_2/depression/depression_seqs/ERR4250443.fastq.gz
ERR4250444	/datasets/project_2/depression/depression_seqs/ERR4250444.fastq.gz
ERR4250445	/datasets/project_2/depression/depression_seqs/ERR4250445.fastq.gz
ERR4250446	/datasets/project_2/depression/depression_seqs/ERR4250446.fastq.gz
ERR4250447	/datasets/project_2/depression/depression_seqs/ERR4250447.fastq.gz
ERR4250448	/datasets/project_2/depression/depression_seqs/ERR4250448.fastq.gz
ERR4250449	/datasets/project_2/depression/depression_seqs/ERR4250449.fastq.gz
ERR4250450	/datasets/project_2/depression/depression_seqs/ERR4250450.fastq.gz
ERR4250451	/datasets/project_2/depression/depression_seqs/ERR4250451.fastq.gz
ERR4250452	/datasets/project_2/depression/depression_seqs/ERR4250452.fastq.gz
ERR4250453	/datasets/project_2/depression/depression_seqs/ERR4250453.fastq.gz
ERR4250454	/datasets/project_2/depression/depression_seqs/ERR4250454.fastq.gz
ERR4250455	/datasets/project_2/depression/depression_seqs/ERR4250455.fastq.gz
ERR4250456	/datasets/project_2/depression/depression_seqs/ERR4250456.fastq.gz
ERR4250457	/datasets/project_2/depression/depression_seqs/ERR4250457.fastq.gz
ERR4250458	/datasets/project_2/depression/depression_seqs/ERR4250458.fastq.gz
ERR4250459	/datasets/project_2/depression/depression_seqs/ERR4250459.fastq.gz
ERR4250460	/datasets/project_2/depression/depression_seqs/ERR4250460.fastq.gz
ERR4250461	/datasets/project_2/depression/depression_seqs/ERR4250461.fastq.gz
ERR4250462	/datasets/project_2/depression/depression_seqs/ERR4250462.fastq.gz
ERR4250463	/datasets/project_2/depression/depression_seqs/ERR4250463.fastq.gz
ERR4250464	/datasets/project_2/depression/depression_seqs/ERR4250464.fastq.gz
ERR4250465	/datasets/project_2/depression/depression_seqs/ERR4250465.fastq.gz
ERR4250466	/datasets/project_2/depression/depression_seqs/ERR4250466.fastq.gz
ERR4250467	/datasets/project_2/depression/depression_seqs/ERR4250467.fastq.gz
ERR4250468	/datasets/project_2/depression/depression_seqs/ERR4250468.fastq.gz
ERR4250469	/datasets/project_2/depression/depression_seqs/ERR4250469.fastq.gz
ERR4250470	/datasets/project_2/depression/depression_seqs/ERR4250470.fastq.gz
ERR4250471	/datasets/project_2/depression/depression_seqs/ERR4250471.fastq.gz
ERR4250472	/datasets/project_2/depression/depression_seqs/ERR4250472.fastq.gz
ERR4250473	/datasets/project_2/depression/depression_seqs/ERR4250473.fastq.gz
ERR4250474	/datasets/project_2/depression/depression_seqs/ERR4250474.fastq.gz
ERR4250475	/datasets/project_2/depression/depression_seqs/ERR4250475.fastq.gz
ERR4250476	/datasets/project_2/depression/depression_seqs/ERR4250476.fastq.gz
ERR4250477	/datasets/project_2/depression/depression_seqs/ERR4250477.fastq.gz
ERR4250478	/datasets/project_2/depression/depression_seqs/ERR4250478.fastq.gz
ERR4250479	/datasets/project_2/depression/depression_seqs/ERR4250479.fastq.gz
ERR4250480	/datasets/project_2/depression/depression_seqs/ERR4250480.fastq.gz
ERR4250481	/datasets/project_2/depression/depression_seqs/ERR4250481.fastq.gz
ERR4250482	/datasets/project_2/depression/depression_seqs/ERR4250482.fastq.gz
ERR4250483	/datasets/project_2/depression/depression_seqs/ERR4250483.fastq.gz
ERR4250484	/datasets/project_2/depression/depression_seqs/ERR4250484.fastq.gz
ERR4250485	/datasets/project_2/depression/depression_seqs/ERR4250485.fastq.gz
ERR4250486	/datasets/project_2/depression/depression_seqs/ERR4250486.fastq.gz
ERR4250487	/datasets/project_2/depression/depression_seqs/ERR4250487.fastq.gz
ERR4250488	/datasets/project_2/depression/depression_seqs/ERR4250488.fastq.gz
ERR4250489	/datasets/project_2/depression/depression_seqs/ERR4250489.fastq.gz
ERR4250490	/datasets/project_2/depression/depression_seqs/ERR4250490.fastq.gz
ERR4250491	/datasets/project_2/depression/depression_seqs/ERR4250491.fastq.gz
ERR4250492	/datasets/project_2/depression/depression_seqs/ERR4250492.fastq.gz
ERR4250493	/datasets/project_2/depression/depression_seqs/ERR4250493.fastq.gz
ERR4250494	/datasets/project_2/depression/depression_seqs/ERR4250494.fastq.gz
ERR4250495	/datasets/project_2/depression/depression_seqs/ERR4250495.fastq.gz
ERR4250496	/datasets/project_2/depression/depression_seqs/ERR4250496.fastq.gz
ERR4250497	/datasets/project_2/depression/depression_seqs/ERR4250497.fastq.gz
ERR4250498	/datasets/project_2/depression/depression_seqs/ERR4250498.fastq.gz
ERR4250499	/datasets/project_2/depression/depression_seqs/ERR4250499.fastq.gz
ERR4250500	/datasets/project_2/depression/depression_seqs/ERR4250500.fastq.gz
ERR4250501	/datasets/project_2/depression/depression_seqs/ERR4250501.fastq.gz
ERR4250502	/datasets/project_2/depression/depression_seqs/ERR4250502.fastq.gz
ERR4250503	/datasets/project_2/depression/depression_seqs/ERR4250503.fastq.gz
ERR4250504	/datasets/project_2/depression/depression_seqs/ERR4250504.fastq.gz
ERR4250505	/datasets/project_2/depression/depression_seqs/ERR4250505.fastq.gz
ERR4250506	/datasets/project_2/depression/depression_seqs/ERR4250506.fastq.gz
ERR4250507	/datasets/project_2/depression/depression_seqs/ERR4250507.fastq.gz
ERR4250508	/datasets/project_2/depression/depression_seqs/ERR4250508.fastq.gz
ERR4250509	/datasets/project_2/depression/depression_seqs/ERR4250509.fastq.gz
ERR4250510	/datasets/project_2/depression/depression_seqs/ERR4250510.fastq.gz
ERR4250511	/datasets/project_2/depression/depression_seqs/ERR4250511.fastq.gz
ERR4250512	/datasets/project_2/depression/depression_seqs/ERR4250512.fastq.gz
ERR4250513	/datasets/project_2/depression/depression_seqs/ERR4250513.fastq.gz
ERR4250514	/datasets/project_2/depression/depression_seqs/ERR4250514.fastq.gz
ERR4250515	/datasets/project_2/depression/depression_seqs/ERR4250515.fastq.gz
ERR4250516	/datasets/project_2/depression/depression_seqs/ERR4250516.fastq.gz
ERR4250517	/datasets/project_2/depression/depression_seqs/ERR4250517.fastq.gz
ERR4250518	/datasets/project_2/depression/depression_seqs/ERR4250518.fastq.gz
ERR4250519	/datasets/project_2/depression/depression_seqs/ERR4250519.fastq.gz
ERR4250520	/datasets/project_2/depression/depression_seqs/ERR4250520.fastq.gz
ERR4250521	/datasets/project_2/depression/depression_seqs/ERR4250521.fastq.gz
ERR4250522	/datasets/project_2/depression/depression_seqs/ERR4250522.fastq.gz
ERR4250523	/datasets/project_2/depression/depression_seqs/ERR4250523.fastq.gz
ERR4250524	/datasets/project_2/depression/depression_seqs/ERR4250524.fastq.gz
ERR4250525	/datasets/project_2/depression/depression_seqs/ERR4250525.fastq.gz
ERR4250526	/datasets/project_2/depression/depression_seqs/ERR4250526.fastq.gz
ERR4250527	/datasets/project_2/depression/depression_seqs/ERR4250527.fastq.gz
ERR4250528	/datasets/project_2/depression/depression_seqs/ERR4250528.fastq.gz
ERR4250529	/datasets/project_2/depression/depression_seqs/ERR4250529.fastq.gz
ERR4250530	/datasets/project_2/depression/depression_seqs/ERR4250530.fastq.gz
ERR4250531	/datasets/project_2/depression/depression_seqs/ERR4250531.fastq.gz
ERR4250532	/datasets/project_2/depression/depression_seqs/ERR4250532.fastq.gz
ERR4250533	/datasets/project_2/depression/depression_seqs/ERR4250533.fastq.gz
ERR4250534	/datasets/project_2/depression/depression_seqs/ERR4250534.fastq.gz
ERR4250535	/datasets/project_2/depression/depression_seqs/ERR4250535.fastq.gz
ERR4250536	/datasets/project_2/depression/depression_seqs/ERR4250536.fastq.gz
ERR4250537	/datasets/project_2/depression/depression_seqs/ERR4250537.fastq.gz
ERR4250538	/datasets/project_2/depression/depression_seqs/ERR4250538.fastq.gz
ERR4250539	/datasets/project_2/depression/depression_seqs/ERR4250539.fastq.gz
ERR4250540	/datasets/project_2/depression/depression_seqs/ERR4250540.fastq.gz
ERR4250541	/datasets/project_2/depression/depression_seqs/ERR4250541.fastq.gz
ERR4250542	/datasets/project_2/depression/depression_seqs/ERR4250542.fastq.gz
ERR4250543	/datasets/project_2/depression/depression_seqs/ERR4250543.fastq.gz
ERR4250544	/datasets/project_2/depression/depression_seqs/ERR4250544.fastq.gz
ERR4250545	/datasets/project_2/depression/depression_seqs/ERR4250545.fastq.gz
ERR4250546	/datasets/project_2/depression/depression_seqs/ERR4250546.fastq.gz
ERR4250547	/datasets/project_2/depression/depression_seqs/ERR4250547.fastq.gz
ERR4250548	/datasets/project_2/depression/depression_seqs/ERR4250548.fastq.gz
ERR4250549	/datasets/project_2/depression/depression_seqs/ERR4250549.fastq.gz
ERR4250550	/datasets/project_2/depression/depression_seqs/ERR4250550.fastq.gz
ERR4250551	/datasets/project_2/depression/depression_seqs/ERR4250551.fastq.gz
ERR4250552	/datasets/project_2/depression/depression_seqs/ERR4250552.fastq.gz
ERR4250553	/datasets/project_2/depression/depression_seqs/ERR4250553.fastq.gz
ERR4250554	/datasets/project_2/depression/depression_seqs/ERR4250554.fastq.gz
ERR4250555	/datasets/project_2/depression/depression_seqs/ERR4250555.fastq.gz
ERR4250556	/datasets/project_2/depression/depression_seqs/ERR4250556.fastq.gz
ERR4250557	/datasets/project_2/depression/depression_seqs/ERR4250557.fastq.gz
ERR4250558	/datasets/project_2/depression/depression_seqs/ERR4250558.fastq.gz
ERR4250559	/datasets/project_2/depression/depression_seqs/ERR4250559.fastq.gz
ERR4250560	/datasets/project_2/depression/depression_seqs/ERR4250560.fastq.gz
ERR4250561	/datasets/project_2/depression/depression_seqs/ERR4250561.fastq.gz
ERR4250562	/datasets/project_2/depression/depression_seqs/ERR4250562.fastq.gz
ERR4250563	/datasets/project_2/depression/depression_seqs/ERR4250563.fastq.gz
ERR4250564	/datasets/project_2/depression/depression_seqs/ERR4250564.fastq.gz
ERR4250565	/datasets/project_2/depression/depression_seqs/ERR4250565.fastq.gz
ERR4250566	/datasets/project_2/depression/depression_seqs/ERR4250566.fastq.gz
ERR4250567	/datasets/project_2/depression/depression_seqs/ERR4250567.fastq.gz
ERR4250568	/datasets/project_2/depression/depression_seqs/ERR4250568.fastq.gz
ERR4250569	/datasets/project_2/depression/depression_seqs/ERR4250569.fastq.gz
ERR4250570	/datasets/project_2/depression/depression_seqs/ERR4250570.fastq.gz
ERR4250571	/datasets/project_2/depression/depression_seqs/ERR4250571.fastq.gz
ERR4250574	/datasets/project_2/depression/depression_seqs/ERR4250574.fastq.gz
ERR4250575	/datasets/project_2/depression/depression_seqs/ERR4250575.fastq.gz
ERR4250576	/datasets/project_2/depression/depression_seqs/ERR4250576.fastq.gz
ERR4250577	/datasets/project_2/depression/depression_seqs/ERR4250577.fastq.gz
ERR4250578	/datasets/project_2/depression/depression_seqs/ERR4250578.fastq.gz
ERR4250579	/datasets/project_2/depression/depression_seqs/ERR4250579.fastq.gz
ERR4250580	/datasets/project_2/depression/depression_seqs/ERR4250580.fastq.gz
ERR4250581	/datasets/project_2/depression/depression_seqs/ERR4250581.fastq.gz
ERR4250582	/datasets/project_2/depression/depression_seqs/ERR4250582.fastq.gz
ERR4250583	/datasets/project_2/depression/depression_seqs/ERR4250583.fastq.gz
ERR4250584	/datasets/project_2/depression/depression_seqs/ERR4250584.fastq.gz
ERR4250585	/datasets/project_2/depression/depression_seqs/ERR4250585.fastq.gz
ERR4250586	/datasets/project_2/depression/depression_seqs/ERR4250586.fastq.gz
ERR4250587	/datasets/project_2/depression/depression_seqs/ERR4250587.fastq.gz
ERR4250588	/datasets/project_2/depression/depression_seqs/ERR4250588.fastq.gz
ERR4250589	/datasets/project_2/depression/depression_seqs/ERR4250589.fastq.gz
ERR4250590	/datasets/project_2/depression/depression_seqs/ERR4250590.fastq.gz
ERR4250591	/datasets/project_2/depression/depression_seqs/ERR4250591.fastq.gz
ERR4250592	/datasets/project_2/depression/depression_seqs/ERR4250592.fastq.gz
ERR4250593	/datasets/project_2/depression/depression_seqs/ERR4250593.fastq.gz
ERR4250594	/datasets/project_2/depression/depression_seqs/ERR4250594.fastq.gz
ERR4250595	/datasets/project_2/depression/depression_seqs/ERR4250595.fastq.gz
ERR4250596	/datasets/project_2/depression/depression_seqs/ERR4250596.fastq.gz
ERR4250597	/datasets/project_2/depression/depression_seqs/ERR4250597.fastq.gz
ERR4250598	/datasets/project_2/depression/depression_seqs/ERR4250598.fastq.gz
ERR4250599	/datasets/project_2/depression/depression_seqs/ERR4250599.fastq.gz
ERR4250600	/datasets/project_2/depression/depression_seqs/ERR4250600.fastq.gz
ERR4250601	/datasets/project_2/depression/depression_seqs/ERR4250601.fastq.gz
ERR4250602	/datasets/project_2/depression/depression_seqs/ERR4250602.fastq.gz
ERR4250603	/datasets/project_2/depression/depression_seqs/ERR4250603.fastq.gz
ERR4250604	/datasets/project_2/depression/depression_seqs/ERR4250604.fastq.gz
ERR4250605	/datasets/project_2/depression/depression_seqs/ERR4250605.fastq.gz
ERR4250606	/datasets/project_2/depression/depression_seqs/ERR4250606.fastq.gz
ERR4250607	/datasets/project_2/depression/depression_seqs/ERR4250607.fastq.gz
ERR4250608	/datasets/project_2/depression/depression_seqs/ERR4250608.fastq.gz
ERR4250609	/datasets/project_2/depression/depression_seqs/ERR4250609.fastq.gz
ERR4250610	/datasets/project_2/depression/depression_seqs/ERR4250610.fastq.gz
ERR4250611	/datasets/project_2/depression/depression_seqs/ERR4250611.fastq.gz
ERR4250612	/datasets/project_2/depression/depression_seqs/ERR4250612.fastq.gz
ERR4250613	/datasets/project_2/depression/depression_seqs/ERR4250613.fastq.gz
ERR4250614	/datasets/project_2/depression/depression_seqs/ERR4250614.fastq.gz
ERR4250615	/datasets/project_2/depression/depression_seqs/ERR4250615.fastq.gz
ERR4250616	/datasets/project_2/depression/depression_seqs/ERR4250616.fastq.gz
ERR4250617	/datasets/project_2/depression/depression_seqs/ERR4250617.fastq.gz
ERR4250618	/datasets/project_2/depression/depression_seqs/ERR4250618.fastq.gz
ERR4250619	/datasets/project_2/depression/depression_seqs/ERR4250619.fastq.gz
ERR4250620	/datasets/project_2/depression/depression_seqs/ERR4250620.fastq.gz
ERR4250621	/datasets/project_2/depression/depression_seqs/ERR4250621.fastq.gz
ERR4250622	/datasets/project_2/depression/depression_seqs/ERR4250622.fastq.gz
ERR4250623	/datasets/project_2/depression/depression_seqs/ERR4250623.fastq.gz
ERR4250624	/datasets/project_2/depression/depression_seqs/ERR4250624.fastq.gz
ERR4250625	/datasets/project_2/depression/depression_seqs/ERR4250625.fastq.gz
ERR4250626	/datasets/project_2/depression/depression_seqs/ERR4250626.fastq.gz
ERR4250627	/datasets/project_2/depression/depression_seqs/ERR4250627.fastq.gz
ERR4250628	/datasets/project_2/depression/depression_seqs/ERR4250628.fastq.gz
ERR4250629	/datasets/project_2/depression/depression_seqs/ERR4250629.fastq.gz
ERR4250630	/datasets/project_2/depression/depression_seqs/ERR4250630.fastq.gz
ERR4250631	/datasets/project_2/depression/depression_seqs/ERR4250631.fastq.gz
ERR4250632	/datasets/project_2/depression/depression_seqs/ERR4250632.fastq.gz
ERR4250633	/datasets/project_2/depression/depression_seqs/ERR4250633.fastq.gz
ERR4250634	/datasets/project_2/depression/depression_seqs/ERR4250634.fastq.gz
ERR4250635	/datasets/project_2/depression/depression_seqs/ERR4250635.fastq.gz
ERR4250636	/datasets/project_2/depression/depression_seqs/ERR4250636.fastq.gz
ERR4250637	/datasets/project_2/depression/depression_seqs/ERR4250637.fastq.gz
ERR4250638	/datasets/project_2/depression/depression_seqs/ERR4250638.fastq.gz
ERR4250639	/datasets/project_2/depression/depression_seqs/ERR4250639.fastq.gz
ERR4250640	/datasets/project_2/depression/depression_seqs/ERR4250640.fastq.gz
ERR4250641	/datasets/project_2/depression/depression_seqs/ERR4250641.fastq.gz
ERR4250642	/datasets/project_2/depression/depression_seqs/ERR4250642.fastq.gz
ERR4250643	/datasets/project_2/depression/depression_seqs/ERR4250643.fastq.gz
ERR4250644	/datasets/project_2/depression/depression_seqs/ERR4250644.fastq.gz
ERR4250645	/datasets/project_2/depression/depression_seqs/ERR4250645.fastq.gz
ERR4250646	/datasets/project_2/depression/depression_seqs/ERR4250646.fastq.gz
ERR4250647	/datasets/project_2/depression/depression_seqs/ERR4250647.fastq.gz
ERR4250648	/datasets/project_2/depression/depression_seqs/ERR4250648.fastq.gz
ERR4250649	/datasets/project_2/depression/depression_seqs/ERR4250649.fastq.gz
ERR4250650	/datasets/project_2/depression/depression_seqs/ERR4250650.fastq.gz
ERR4250651	/datasets/project_2/depression/depression_seqs/ERR4250651.fastq.gz
ERR4250652	/datasets/project_2/depression/depression_seqs/ERR4250652.fastq.gz
ERR4250653	/datasets/project_2/depression/depression_seqs/ERR4250653.fastq.gz
ERR4250654	/datasets/project_2/depression/depression_seqs/ERR4250654.fastq.gz
ERR4250655	/datasets/project_2/depression/depression_seqs/ERR4250655.fastq.gz
ERR4250656	/datasets/project_2/depression/depression_seqs/ERR4250656.fastq.gz
ERR4250657	/datasets/project_2/depression/depression_seqs/ERR4250657.fastq.gz
ERR4250658	/datasets/project_2/depression/depression_seqs/ERR4250658.fastq.gz
ERR4250659	/datasets/project_2/depression/depression_seqs/ERR4250659.fastq.gz
ERR4250660	/datasets/project_2/depression/depression_seqs/ERR4250660.fastq.gz
ERR4250661	/datasets/project_2/depression/depression_seqs/ERR4250661.fastq.gz
ERR4254380	/datasets/project_2/depression/depression_seqs/ERR4254380.fastq.gz
ERR4254381	/datasets/project_2/depression/depression_seqs/ERR4254381.fastq.gz
ERR4254382	/datasets/project_2/depression/depression_seqs/ERR4254382.fastq.gz
ERR4254383	/datasets/project_2/depression/depression_seqs/ERR4254383.fastq.gz
ERR4254384	/datasets/project_2/depression/depression_seqs/ERR4254384.fastq.gz
ERR4254385	/datasets/project_2/depression/depression_seqs/ERR4254385.fastq.gz
ERR4254386	/datasets/project_2/depression/depression_seqs/ERR4254386.fastq.gz
ERR4254387	/datasets/project_2/depression/depression_seqs/ERR4254387.fastq.gz
ERR4254388	/datasets/project_2/depression/depression_seqs/ERR4254388.fastq.gz
ERR4254389	/datasets/project_2/depression/depression_seqs/ERR4254389.fastq.gz
ERR4254390	/datasets/project_2/depression/depression_seqs/ERR4254390.fastq.gz
ERR4254391	/datasets/project_2/depression/depression_seqs/ERR4254391.fastq.gz
ERR4254392	/datasets/project_2/depression/depression_seqs/ERR4254392.fastq.gz
ERR4254393	/datasets/project_2/depression/depression_seqs/ERR4254393.fastq.gz
ERR4254394	/datasets/project_2/depression/depression_seqs/ERR4254394.fastq.gz
ERR4254395	/datasets/project_2/depression/depression_seqs/ERR4254395.fastq.gz
ERR4254396	/datasets/project_2/depression/depression_seqs/ERR4254396.fastq.gz
ERR4254397	/datasets/project_2/depression/depression_seqs/ERR4254397.fastq.gz
ERR4254398	/datasets/project_2/depression/depression_seqs/ERR4254398.fastq.gz
ERR4254399	/datasets/project_2/depression/depression_seqs/ERR4254399.fastq.gz
ERR4254400	/datasets/project_2/depression/depression_seqs/ERR4254400.fastq.gz
ERR4254401	/datasets/project_2/depression/depression_seqs/ERR4254401.fastq.gz
ERR4254402	/datasets/project_2/depression/depression_seqs/ERR4254402.fastq.gz
ERR4254403	/datasets/project_2/depression/depression_seqs/ERR4254403.fastq.gz
ERR4254404	/datasets/project_2/depression/depression_seqs/ERR4254404.fastq.gz
ERR4254405	/datasets/project_2/depression/depression_seqs/ERR4254405.fastq.gz
ERR4254406	/datasets/project_2/depression/depression_seqs/ERR4254406.fastq.gz
ERR4254407	/datasets/project_2/depression/depression_seqs/ERR4254407.fastq.gz
ERR4254408	/datasets/project_2/depression/depression_seqs/ERR4254408.fastq.gz
ERR4254409	/datasets/project_2/depression/depression_seqs/ERR4254409.fastq.gz
ERR4254410	/datasets/project_2/depression/depression_seqs/ERR4254410.fastq.gz
ERR4254411	/datasets/project_2/depression/depression_seqs/ERR4254411.fastq.gz
ERR4254412	/datasets/project_2/depression/depression_seqs/ERR4254412.fastq.gz
ERR4254413	/datasets/project_2/depression/depression_seqs/ERR4254413.fastq.gz
ERR4254414	/datasets/project_2/depression/depression_seqs/ERR4254414.fastq.gz
ERR4254415	/datasets/project_2/depression/depression_seqs/ERR4254415.fastq.gz
ERR4254416	/datasets/project_2/depression/depression_seqs/ERR4254416.fastq.gz
ERR4254417	/datasets/project_2/depression/depression_seqs/ERR4254417.fastq.gz
ERR4254418	/datasets/project_2/depression/depression_seqs/ERR4254418.fastq.gz
ERR4254419	/datasets/project_2/depression/depression_seqs/ERR4254419.fastq.gz
ERR4254420	/datasets/project_2/depression/depression_seqs/ERR4254420.fastq.gz
ERR4254421	/datasets/project_2/depression/depression_seqs/ERR4254421.fastq.gz
ERR4254422	/datasets/project_2/depression/depression_seqs/ERR4254422.fastq.gz
ERR4254423	/datasets/project_2/depression/depression_seqs/ERR4254423.fastq.gz
ERR4254424	/datasets/project_2/depression/depression_seqs/ERR4254424.fastq.gz
ERR4254425	/datasets/project_2/depression/depression_seqs/ERR4254425.fastq.gz
ERR4254426	/datasets/project_2/depression/depression_seqs/ERR4254426.fastq.gz
ERR4254427	/datasets/project_2/depression/depression_seqs/ERR4254427.fastq.gz
ERR4254428	/datasets/project_2/depression/depression_seqs/ERR4254428.fastq.gz
ERR4254429	/datasets/project_2/depression/depression_seqs/ERR4254429.fastq.gz
ERR4254430	/datasets/project_2/depression/depression_seqs/ERR4254430.fastq.gz
ERR4254431	/datasets/project_2/depression/depression_seqs/ERR4254431.fastq.gz
ERR4254432	/datasets/project_2/depression/depression_seqs/ERR4254432.fastq.gz
ERR4254433	/datasets/project_2/depression/depression_seqs/ERR4254433.fastq.gz
ERR4254434	/datasets/project_2/depression/depression_seqs/ERR4254434.fastq.gz
ERR4254435	/datasets/project_2/depression/depression_seqs/ERR4254435.fastq.gz
ERR4254436	/datasets/project_2/depression/depression_seqs/ERR4254436.fastq.gz
ERR4254437	/datasets/project_2/depression/depression_seqs/ERR4254437.fastq.gz
ERR4254438	/datasets/project_2/depression/depression_seqs/ERR4254438.fastq.gz
ERR4254439	/datasets/project_2/depression/depression_seqs/ERR4254439.fastq.gz
ERR4254440	/datasets/project_2/depression/depression_seqs/ERR4254440.fastq.gz
ERR4254441	/datasets/project_2/depression/depression_seqs/ERR4254441.fastq.gz
ERR4254442	/datasets/project_2/depression/depression_seqs/ERR4254442.fastq.gz
ERR4254443	/datasets/project_2/depression/depression_seqs/ERR4254443.fastq.gz
ERR4254444	/datasets/project_2/depression/depression_seqs/ERR4254444.fastq.gz
ERR4254445	/datasets/project_2/depression/depression_seqs/ERR4254445.fastq.gz
ERR4254446	/datasets/project_2/depression/depression_seqs/ERR4254446.fastq.gz
ERR4254447	/datasets/project_2/depression/depression_seqs/ERR4254447.fastq.gz
ERR4254448	/datasets/project_2/depression/depression_seqs/ERR4254448.fastq.gz
ERR4254449	/datasets/project_2/depression/depression_seqs/ERR4254449.fastq.gz
ERR4254450	/datasets/project_2/depression/depression_seqs/ERR4254450.fastq.gz
ERR4254451	/datasets/project_2/depression/depression_seqs/ERR4254451.fastq.gz
ERR4254452	/datasets/project_2/depression/depression_seqs/ERR4254452.fastq.gz
ERR4254453	/datasets/project_2/depression/depression_seqs/ERR4254453.fastq.gz
ERR4254454	/datasets/project_2/depression/depression_seqs/ERR4254454.fastq.gz
ERR4254455	/datasets/project_2/depression/depression_seqs/ERR4254455.fastq.gz
ERR4254456	/datasets/project_2/depression/depression_seqs/ERR4254456.fastq.gz
ERR4254457	/datasets/project_2/depression/depression_seqs/ERR4254457.fastq.gz
ERR4254458	/datasets/project_2/depression/depression_seqs/ERR4254458.fastq.gz
ERR4254459	/datasets/project_2/depression/depression_seqs/ERR4254459.fastq.gz
ERR4254460	/datasets/project_2/depression/depression_seqs/ERR4254460.fastq.gz
ERR4254461	/datasets/project_2/depression/depression_seqs/ERR4254461.fastq.gz
ERR4254462	/datasets/project_2/depression/depression_seqs/ERR4254462.fastq.gz
ERR4254463	/datasets/project_2/depression/depression_seqs/ERR4254463.fastq.gz
ERR4254464	/datasets/project_2/depression/depression_seqs/ERR4254464.fastq.gz
ERR4254465	/datasets/project_2/depression/depression_seqs/ERR4254465.fastq.gz
ERR4254466	/datasets/project_2/depression/depression_seqs/ERR4254466.fastq.gz
ERR4254467	/datasets/project_2/depression/depression_seqs/ERR4254467.fastq.gz
ERR4254468	/datasets/project_2/depression/depression_seqs/ERR4254468.fastq.gz
ERR4254469	/datasets/project_2/depression/depression_seqs/ERR4254469.fastq.gz
ERR4254470	/datasets/project_2/depression/depression_seqs/ERR4254470.fastq.gz
ERR4254471	/datasets/project_2/depression/depression_seqs/ERR4254471.fastq.gz
ERR4254472	/datasets/project_2/depression/depression_seqs/ERR4254472.fastq.gz
ERR4254473	/datasets/project_2/depression/depression_seqs/ERR4254473.fastq.gz
ERR4254474	/datasets/project_2/depression/depression_seqs/ERR4254474.fastq.gz
ERR4254475	/datasets/project_2/depression/depression_seqs/ERR4254475.fastq.gz
ERR4254476	/datasets/project_2/depression/depression_seqs/ERR4254476.fastq.gz
ERR4254477	/datasets/project_2/depression/depression_seqs/ERR4254477.fastq.gz
ERR4254478	/datasets/project_2/depression/depression_seqs/ERR4254478.fastq.gz
ERR4254479	/datasets/project_2/depression/depression_seqs/ERR4254479.fastq.gz
ERR4254480	/datasets/project_2/depression/depression_seqs/ERR4254480.fastq.gz
ERR4254481	/datasets/project_2/depression/depression_seqs/ERR4254481.fastq.gz
ERR4254482	/datasets/project_2/depression/depression_seqs/ERR4254482.fastq.gz
ERR4254483	/datasets/project_2/depression/depression_seqs/ERR4254483.fastq.gz
ERR4254484	/datasets/project_2/depression/depression_seqs/ERR4254484.fastq.gz
ERR4254485	/datasets/project_2/depression/depression_seqs/ERR4254485.fastq.gz
ERR4254486	/datasets/project_2/depression/depression_seqs/ERR4254486.fastq.gz
ERR4254487	/datasets/project_2/depression/depression_seqs/ERR4254487.fastq.gz
ERR4254488	/datasets/project_2/depression/depression_seqs/ERR4254488.fastq.gz
ERR4254489	/datasets/project_2/depression/depression_seqs/ERR4254489.fastq.gz
ERR4254490	/datasets/project_2/depression/depression_seqs/ERR4254490.fastq.gz
ERR4254491	/datasets/project_2/depression/depression_seqs/ERR4254491.fastq.gz
ERR4254492	/datasets/project_2/depression/depression_seqs/ERR4254492.fastq.gz
ERR4254493	/datasets/project_2/depression/depression_seqs/ERR4254493.fastq.gz
ERR4254494	/datasets/project_2/depression/depression_seqs/ERR4254494.fastq.gz
ERR4254495	/datasets/project_2/depression/depression_seqs/ERR4254495.fastq.gz
ERR4254496	/datasets/project_2/depression/depression_seqs/ERR4254496.fastq.gz
ERR4254497	/datasets/project_2/depression/depression_seqs/ERR4254497.fastq.gz
ERR4254498	/datasets/project_2/depression/depression_seqs/ERR4254498.fastq.gz
ERR4254499	/datasets/project_2/depression/depression_seqs/ERR4254499.fastq.gz
ERR4254500	/datasets/project_2/depression/depression_seqs/ERR4254500.fastq.gz
ERR4254501	/datasets/project_2/depression/depression_seqs/ERR4254501.fastq.gz
ERR4254502	/datasets/project_2/depression/depression_seqs/ERR4254502.fastq.gz
ERR4254503	/datasets/project_2/depression/depression_seqs/ERR4254503.fastq.gz
ERR4254504	/datasets/project_2/depression/depression_seqs/ERR4254504.fastq.gz
ERR4254505	/datasets/project_2/depression/depression_seqs/ERR4254505.fastq.gz
ERR4254506	/datasets/project_2/depression/depression_seqs/ERR4254506.fastq.gz
ERR4254507	/datasets/project_2/depression/depression_seqs/ERR4254507.fastq.gz
ERR4254508	/datasets/project_2/depression/depression_seqs/ERR4254508.fastq.gz
ERR4254509	/datasets/project_2/depression/depression_seqs/ERR4254509.fastq.gz
ERR4254510	/datasets/project_2/depression/depression_seqs/ERR4254510.fastq.gz
ERR4254511	/datasets/project_2/depression/depression_seqs/ERR4254511.fastq.gz
ERR4254512	/datasets/project_2/depression/depression_seqs/ERR4254512.fastq.gz
ERR4254513	/datasets/project_2/depression/depression_seqs/ERR4254513.fastq.gz
ERR4254514	/datasets/project_2/depression/depression_seqs/ERR4254514.fastq.gz
ERR4254515	/datasets/project_2/depression/depression_seqs/ERR4254515.fastq.gz
ERR4254516	/datasets/project_2/depression/depression_seqs/ERR4254516.fastq.gz
ERR4254517	/datasets/project_2/depression/depression_seqs/ERR4254517.fastq.gz
ERR4254518	/datasets/project_2/depression/depression_seqs/ERR4254518.fastq.gz
ERR4254519	/datasets/project_2/depression/depression_seqs/ERR4254519.fastq.gz
ERR4254520	/datasets/project_2/depression/depression_seqs/ERR4254520.fastq.gz
ERR4254521	/datasets/project_2/depression/depression_seqs/ERR4254521.fastq.gz
ERR4254522	/datasets/project_2/depression/depression_seqs/ERR4254522.fastq.gz
ERR4254523	/datasets/project_2/depression/depression_seqs/ERR4254523.fastq.gz
ERR4254524	/datasets/project_2/depression/depression_seqs/ERR4254524.fastq.gz
ERR4254525	/datasets/project_2/depression/depression_seqs/ERR4254525.fastq.gz
ERR4254526	/datasets/project_2/depression/depression_seqs/ERR4254526.fastq.gz
ERR4254527	/datasets/project_2/depression/depression_seqs/ERR4254527.fastq.gz
ERR4254528	/datasets/project_2/depression/depression_seqs/ERR4254528.fastq.gz
ERR4254529	/datasets/project_2/depression/depression_seqs/ERR4254529.fastq.gz
ERR4254530	/datasets/project_2/depression/depression_seqs/ERR4254530.fastq.gz
ERR4254531	/datasets/project_2/depression/depression_seqs/ERR4254531.fastq.gz
ERR4254532	/datasets/project_2/depression/depression_seqs/ERR4254532.fastq.gz
ERR4254533	/datasets/project_2/depression/depression_seqs/ERR4254533.fastq.gz
ERR4254534	/datasets/project_2/depression/depression_seqs/ERR4254534.fastq.gz
ERR4254535	/datasets/project_2/depression/depression_seqs/ERR4254535.fastq.gz
ERR4254536	/datasets/project_2/depression/depression_seqs/ERR4254536.fastq.gz
ERR4254537	/datasets/project_2/depression/depression_seqs/ERR4254537.fastq.gz
ERR4254538	/datasets/project_2/depression/depression_seqs/ERR4254538.fastq.gz
ERR4254539	/datasets/project_2/depression/depression_seqs/ERR4254539.fastq.gz
ERR4254540	/datasets/project_2/depression/depression_seqs/ERR4254540.fastq.gz
ERR4254541	/datasets/project_2/depression/depression_seqs/ERR4254541.fastq.gz
ERR4254542	/datasets/project_2/depression/depression_seqs/ERR4254542.fastq.gz
ERR4254543	/datasets/project_2/depression/depression_seqs/ERR4254543.fastq.gz
ERR4254544	/datasets/project_2/depression/depression_seqs/ERR4254544.fastq.gz
ERR4254545	/datasets/project_2/depression/depression_seqs/ERR4254545.fastq.gz
ERR4254546	/datasets/project_2/depression/depression_seqs/ERR4254546.fastq.gz
ERR4254547	/datasets/project_2/depression/depression_seqs/ERR4254547.fastq.gz
ERR4254548	/datasets/project_2/depression/depression_seqs/ERR4254548.fastq.gz
ERR4254549	/datasets/project_2/depression/depression_seqs/ERR4254549.fastq.gz
ERR4254550	/datasets/project_2/depression/depression_seqs/ERR4254550.fastq.gz
ERR4254551	/datasets/project_2/depression/depression_seqs/ERR4254551.fastq.gz
ERR4254552	/datasets/project_2/depression/depression_seqs/ERR4254552.fastq.gz
ERR4254553	/datasets/project_2/depression/depression_seqs/ERR4254553.fastq.gz
ERR4254554	/datasets/project_2/depression/depression_seqs/ERR4254554.fastq.gz
ERR4254555	/datasets/project_2/depression/depression_seqs/ERR4254555.fastq.gz
ERR4254556	/datasets/project_2/depression/depression_seqs/ERR4254556.fastq.gz
ERR4254557	/datasets/project_2/depression/depression_seqs/ERR4254557.fastq.gz
ERR4254558	/datasets/project_2/depression/depression_seqs/ERR4254558.fastq.gz
ERR4254559	/datasets/project_2/depression/depression_seqs/ERR4254559.fastq.gz
ERR4254560	/datasets/project_2/depression/depression_seqs/ERR4254560.fastq.gz
ERR4254561	/datasets/project_2/depression/depression_seqs/ERR4254561.fastq.gz
ERR4254562	/datasets/project_2/depression/depression_seqs/ERR4254562.fastq.gz
ERR4254563	/datasets/project_2/depression/depression_seqs/ERR4254563.fastq.gz
ERR4254564	/datasets/project_2/depression/depression_seqs/ERR4254564.fastq.gz
ERR4254565	/datasets/project_2/depression/depression_seqs/ERR4254565.fastq.gz
ERR4254566	/datasets/project_2/depression/depression_seqs/ERR4254566.fastq.gz
ERR4254567	/datasets/project_2/depression/depression_seqs/ERR4254567.fastq.gz
ERR4254568	/datasets/project_2/depression/depression_seqs/ERR4254568.fastq.gz
ERR12448466	/datasets/project_2/depression/depression_seqs/ERR12448466.fastq.gz
ERR12448467	/datasets/project_2/depression/depression_seqs/ERR12448467.fastq.gz
ERR12448468	/datasets/project_2/depression/depression_seqs/ERR12448468.fastq.gz
ERR12448469	/datasets/project_2/depression/depression_seqs/ERR12448469.fastq.gz
ERR12448470	/datasets/project_2/depression/depression_seqs/ERR12448470.fastq.gz
ERR12448471	/datasets/project_2/depression/depression_seqs/ERR12448471.fastq.gz
ERR12448472	/datasets/project_2/depression/depression_seqs/ERR12448472.fastq.gz
ERR12448473	/datasets/project_2/depression/depression_seqs/ERR12448473.fastq.gz
ERR12448474	/datasets/project_2/depression/depression_seqs/ERR12448474.fastq.gz
ERR12448475	/datasets/project_2/depression/depression_seqs/ERR12448475.fastq.gz
ERR12448476	/datasets/project_2/depression/depression_seqs/ERR12448476.fastq.gz
ERR12448477	/datasets/project_2/depression/depression_seqs/ERR12448477.fastq.gz
ERR12448478	/datasets/project_2/depression/depression_seqs/ERR12448478.fastq.gz
ERR12448479	/datasets/project_2/depression/depression_seqs/ERR12448479.fastq.gz
ERR12448480	/datasets/project_2/depression/depression_seqs/ERR12448480.fastq.gz
ERR12448481	/datasets/project_2/depression/depression_seqs/ERR12448481.fastq.gz
ERR12448482	/datasets/project_2/depression/depression_seqs/ERR12448482.fastq.gz
ERR12448483	/datasets/project_2/depression/depression_seqs/ERR12448483.fastq.gz
ERR12448484	/datasets/project_2/depression/depression_seqs/ERR12448484.fastq.gz
ERR12448485	/datasets/project_2/depression/depression_seqs/ERR12448485.fastq.gz
ERR12448486	/datasets/project_2/depression/depression_seqs/ERR12448486.fastq.gz
ERR12448487	/datasets/project_2/depression/depression_seqs/ERR12448487.fastq.gz
ERR12448488	/datasets/project_2/depression/depression_seqs/ERR12448488.fastq.gz
ERR12448489	/datasets/project_2/depression/depression_seqs/ERR12448489.fastq.gz
ERR12448490	/datasets/project_2/depression/depression_seqs/ERR12448490.fastq.gz
ERR12448491	/datasets/project_2/depression/depression_seqs/ERR12448491.fastq.gz
ERR12448492	/datasets/project_2/depression/depression_seqs/ERR12448492.fastq.gz
ERR12448493	/datasets/project_2/depression/depression_seqs/ERR12448493.fastq.gz
ERR12448494	/datasets/project_2/depression/depression_seqs/ERR12448494.fastq.gz
ERR12448495	/datasets/project_2/depression/depression_seqs/ERR12448495.fastq.gz
ERR12448496	/datasets/project_2/depression/depression_seqs/ERR12448496.fastq.gz
ERR12448497	/datasets/project_2/depression/depression_seqs/ERR12448497.fastq.gz
ERR12448498	/datasets/project_2/depression/depression_seqs/ERR12448498.fastq.gz
ERR12448499	/datasets/project_2/depression/depression_seqs/ERR12448499.fastq.gz
ERR12448500	/datasets/project_2/depression/depression_seqs/ERR12448500.fastq.gz
ERR12448501	/datasets/project_2/depression/depression_seqs/ERR12448501.fastq.gz
ERR12448502	/datasets/project_2/depression/depression_seqs/ERR12448502.fastq.gz
ERR12448503	/datasets/project_2/depression/depression_seqs/ERR12448503.fastq.gz
ERR12448504	/datasets/project_2/depression/depression_seqs/ERR12448504.fastq.gz
ERR12448505	/datasets/project_2/depression/depression_seqs/ERR12448505.fastq.gz
ERR12448506	/datasets/project_2/depression/depression_seqs/ERR12448506.fastq.gz
ERR12448507	/datasets/project_2/depression/depression_seqs/ERR12448507.fastq.gz
ERR12448508	/datasets/project_2/depression/depression_seqs/ERR12448508.fastq.gz
ERR12448509	/datasets/project_2/depression/depression_seqs/ERR12448509.fastq.gz
ERR12448510	/datasets/project_2/depression/depression_seqs/ERR12448510.fastq.gz
ERR12448511	/datasets/project_2/depression/depression_seqs/ERR12448511.fastq.gz
ERR12448512	/datasets/project_2/depression/depression_seqs/ERR12448512.fastq.gz
ERR12448513	/datasets/project_2/depression/depression_seqs/ERR12448513.fastq.gz
ERR12448514	/datasets/project_2/depression/depression_seqs/ERR12448514.fastq.gz
ERR12448515	/datasets/project_2/depression/depression_seqs/ERR12448515.fastq.gz
ERR12448516	/datasets/project_2/depression/depression_seqs/ERR12448516.fastq.gz
ERR12448517	/datasets/project_2/depression/depression_seqs/ERR12448517.fastq.gz
ERR12448518	/datasets/project_2/depression/depression_seqs/ERR12448518.fastq.gz
ERR12448519	/datasets/project_2/depression/depression_seqs/ERR12448519.fastq.gz
ERR12448520	/datasets/project_2/depression/depression_seqs/ERR12448520.fastq.gz
ERR12448521	/datasets/project_2/depression/depression_seqs/ERR12448521.fastq.gz
ERR12448522	/datasets/project_2/depression/depression_seqs/ERR12448522.fastq.gz
ERR12448523	/datasets/project_2/depression/depression_seqs/ERR12448523.fastq.gz
ERR12448524	/datasets/project_2/depression/depression_seqs/ERR12448524.fastq.gz
ERR12448525	/datasets/project_2/depression/depression_seqs/ERR12448525.fastq.gz
ERR12448526	/datasets/project_2/depression/depression_seqs/ERR12448526.fastq.gz
ERR12448527	/datasets/project_2/depression/depression_seqs/ERR12448527.fastq.gz
ERR12448528	/datasets/project_2/depression/depression_seqs/ERR12448528.fastq.gz
ERR12448529	/datasets/project_2/depression/depression_seqs/ERR12448529.fastq.gz
ERR12448530	/datasets/project_2/depression/depression_seqs/ERR12448530.fastq.gz
ERR12448531	/datasets/project_2/depression/depression_seqs/ERR12448531.fastq.gz
ERR12448532	/datasets/project_2/depression/depression_seqs/ERR12448532.fastq.gz
ERR12448533	/datasets/project_2/depression/depression_seqs/ERR12448533.fastq.gz
ERR12448534	/datasets/project_2/depression/depression_seqs/ERR12448534.fastq.gz
ERR12448535	/datasets/project_2/depression/depression_seqs/ERR12448535.fastq.gz
ERR12448536	/datasets/project_2/depression/depression_seqs/ERR12448536.fastq.gz
ERR12448537	/datasets/project_2/depression/depression_seqs/ERR12448537.fastq.gz
ERR12448538	/datasets/project_2/depression/depression_seqs/ERR12448538.fastq.gz
ERR12448539	/datasets/project_2/depression/depression_seqs/ERR12448539.fastq.gz
ERR12448540	/datasets/project_2/depression/depression_seqs/ERR12448540.fastq.gz
ERR12448541	/datasets/project_2/depression/depression_seqs/ERR12448541.fastq.gz
ERR12448542	/datasets/project_2/depression/depression_seqs/ERR12448542.fastq.gz
ERR12448543	/datasets/project_2/depression/depression_seqs/ERR12448543.fastq.gz
ERR12448544	/datasets/project_2/depression/depression_seqs/ERR12448544.fastq.gz
ERR12448545	/datasets/project_2/depression/depression_seqs/ERR12448545.fastq.gz
ERR12448546	/datasets/project_2/depression/depression_seqs/ERR12448546.fastq.gz
ERR12448547	/datasets/project_2/depression/depression_seqs/ERR12448547.fastq.gz
ERR12448548	/datasets/project_2/depression/depression_seqs/ERR12448548.fastq.gz
ERR12448549	/datasets/project_2/depression/depression_seqs/ERR12448549.fastq.gz
ERR12448550	/datasets/project_2/depression/depression_seqs/ERR12448550.fastq.gz
ERR12448551	/datasets/project_2/depression/depression_seqs/ERR12448551.fastq.gz
ERR12448552	/datasets/project_2/depression/depression_seqs/ERR12448552.fastq.gz
ERR12448553	/datasets/project_2/depression/depression_seqs/ERR12448553.fastq.gz
ERR12448554	/datasets/project_2/depression/depression_seqs/ERR12448554.fastq.gz
ERR12448555	/datasets/project_2/depression/depression_seqs/ERR12448555.fastq.gz
ERR12448556	/datasets/project_2/depression/depression_seqs/ERR12448556.fastq.gz
ERR12448557	/datasets/project_2/depression/depression_seqs/ERR12448557.fastq.gz
ERR12448558	/datasets/project_2/depression/depression_seqs/ERR12448558.fastq.gz
ERR12448559	/datasets/project_2/depression/depression_seqs/ERR12448559.fastq.gz
ERR12448560	/datasets/project_2/depression/depression_seqs/ERR12448560.fastq.gz
ERR12448561	/datasets/project_2/depression/depression_seqs/ERR12448561.fastq.gz
ERR12448562	/datasets/project_2/depression/depression_seqs/ERR12448562.fastq.gz
ERR12448563	/datasets/project_2/depression/depression_seqs/ERR12448563.fastq.gz
ERR12448564	/datasets/project_2/depression/depression_seqs/ERR12448564.fastq.gz
ERR12448565	/datasets/project_2/depression/depression_seqs/ERR12448565.fastq.gz
ERR12448566	/datasets/project_2/depression/depression_seqs/ERR12448566.fastq.gz
ERR12448567	/datasets/project_2/depression/depression_seqs/ERR12448567.fastq.gz
ERR12448568	/datasets/project_2/depression/depression_seqs/ERR12448568.fastq.gz
ERR12448569	/datasets/project_2/depression/depression_seqs/ERR12448569.fastq.gz
ERR12448570	/datasets/project_2/depression/depression_seqs/ERR12448570.fastq.gz
ERR12448571	/datasets/project_2/depression/depression_seqs/ERR12448571.fastq.gz
ERR12448572	/datasets/project_2/depression/depression_seqs/ERR12448572.fastq.gz
ERR12448573	/datasets/project_2/depression/depression_seqs/ERR12448573.fastq.gz
ERR12448574	/datasets/project_2/depression/depression_seqs/ERR12448574.fastq.gz
ERR12448575	/datasets/project_2/depression/depression_seqs/ERR12448575.fastq.gz
ERR12448576	/datasets/project_2/depression/depression_seqs/ERR12448576.fastq.gz
ERR12448577	/datasets/project_2/depression/depression_seqs/ERR12448577.fastq.gz
ERR12448578	/datasets/project_2/depression/depression_seqs/ERR12448578.fastq.gz
ERR12448579	/datasets/project_2/depression/depression_seqs/ERR12448579.fastq.gz
ERR12448580	/datasets/project_2/depression/depression_seqs/ERR12448580.fastq.gz
ERR12448581	/datasets/project_2/depression/depression_seqs/ERR12448581.fastq.gz
ERR12448582	/datasets/project_2/depression/depression_seqs/ERR12448582.fastq.gz
ERR12448583	/datasets/project_2/depression/depression_seqs/ERR12448583.fastq.gz
ERR12448584	/datasets/project_2/depression/depression_seqs/ERR12448584.fastq.gz
ERR12448585	/datasets/project_2/depression/depression_seqs/ERR12448585.fastq.gz
ERR12448586	/datasets/project_2/depression/depression_seqs/ERR12448586.fastq.gz
ERR12448587	/datasets/project_2/depression/depression_seqs/ERR12448587.fastq.gz
ERR12448588	/datasets/project_2/depression/depression_seqs/ERR12448588.fastq.gz
ERR12448589	/datasets/project_2/depression/depression_seqs/ERR12448589.fastq.gz
ERR12448590	/datasets/project_2/depression/depression_seqs/ERR12448590.fastq.gz
ERR12448591	/datasets/project_2/depression/depression_seqs/ERR12448591.fastq.gz
ERR12448592	/datasets/project_2/depression/depression_seqs/ERR12448592.fastq.gz
ERR12448593	/datasets/project_2/depression/depression_seqs/ERR12448593.fastq.gz
ERR12448594	/datasets/project_2/depression/depression_seqs/ERR12448594.fastq.gz
ERR12448595	/datasets/project_2/depression/depression_seqs/ERR12448595.fastq.gz
ERR12448596	/datasets/project_2/depression/depression_seqs/ERR12448596.fastq.gz
ERR12448597	/datasets/project_2/depression/depression_seqs/ERR12448597.fastq.gz
ERR12448598	/datasets/project_2/depression/depression_seqs/ERR12448598.fastq.gz
ERR12448599	/datasets/project_2/depression/depression_seqs/ERR12448599.fastq.gz
ERR12448600	/datasets/project_2/depression/depression_seqs/ERR12448600.fastq.gz
ERR12448601	/datasets/project_2/depression/depression_seqs/ERR12448601.fastq.gz
ERR12448602	/datasets/project_2/depression/depression_seqs/ERR12448602.fastq.gz
ERR12448603	/datasets/project_2/depression/depression_seqs/ERR12448603.fastq.gz
ERR12448604	/datasets/project_2/depression/depression_seqs/ERR12448604.fastq.gz
ERR12448605	/datasets/project_2/depression/depression_seqs/ERR12448605.fastq.gz
ERR12448606	/datasets/project_2/depression/depression_seqs/ERR12448606.fastq.gz
ERR12448607	/datasets/project_2/depression/depression_seqs/ERR12448607.fastq.gz
ERR12448608	/datasets/project_2/depression/depression_seqs/ERR12448608.fastq.gz
ERR12448609	/datasets/project_2/depression/depression_seqs/ERR12448609.fastq.gz
ERR12448610	/datasets/project_2/depression/depression_seqs/ERR12448610.fastq.gz
ERR12448611	/datasets/project_2/depression/depression_seqs/ERR12448611.fastq.gz
ERR12448612	/datasets/project_2/depression/depression_seqs/ERR12448612.fastq.gz
ERR12448613	/datasets/project_2/depression/depression_seqs/ERR12448613.fastq.gz
ERR12448614	/datasets/project_2/depression/depression_seqs/ERR12448614.fastq.gz
ERR12448615	/datasets/project_2/depression/depression_seqs/ERR12448615.fastq.gz
ERR12448616	/datasets/project_2/depression/depression_seqs/ERR12448616.fastq.gz
ERR12448617	/datasets/project_2/depression/depression_seqs/ERR12448617.fastq.gz
ERR12448618	/datasets/project_2/depression/depression_seqs/ERR12448618.fastq.gz
ERR12448619	/datasets/project_2/depression/depression_seqs/ERR12448619.fastq.gz
ERR12448620	/datasets/project_2/depression/depression_seqs/ERR12448620.fastq.gz
ERR12448621	/datasets/project_2/depression/depression_seqs/ERR12448621.fastq.gz
ERR12448622	/datasets/project_2/depression/depression_seqs/ERR12448622.fastq.gz
ERR12448623	/datasets/project_2/depression/depression_seqs/ERR12448623.fastq.gz
ERR12448624	/datasets/project_2/depression/depression_seqs/ERR12448624.fastq.gz
ERR12448625	/datasets/project_2/depression/depression_seqs/ERR12448625.fastq.gz
ERR12448626	/datasets/project_2/depression/depression_seqs/ERR12448626.fastq.gz
ERR12448627	/datasets/project_2/depression/depression_seqs/ERR12448627.fastq.gz
ERR12448628	/datasets/project_2/depression/depression_seqs/ERR12448628.fastq.gz
ERR12448629	/datasets/project_2/depression/depression_seqs/ERR12448629.fastq.gz
ERR12448630	/datasets/project_2/depression/depression_seqs/ERR12448630.fastq.gz
ERR12448631	/datasets/project_2/depression/depression_seqs/ERR12448631.fastq.gz
ERR12448632	/datasets/project_2/depression/depression_seqs/ERR12448632.fastq.gz
ERR12448633	/datasets/project_2/depression/depression_seqs/ERR12448633.fastq.gz
ERR12448634	/datasets/project_2/depression/depression_seqs/ERR12448634.fastq.gz
ERR12448635	/datasets/project_2/depression/depression_seqs/ERR12448635.fastq.gz
ERR12448636	/datasets/project_2/depression/depression_seqs/ERR12448636.fastq.gz
ERR12448637	/datasets/project_2/depression/depression_seqs/ERR12448637.fastq.gz
ERR12448638	/datasets/project_2/depression/depression_seqs/ERR12448638.fastq.gz
ERR12448639	/datasets/project_2/depression/depression_seqs/ERR12448639.fastq.gz
ERR12448640	/datasets/project_2/depression/depression_seqs/ERR12448640.fastq.gz
ERR12448641	/datasets/project_2/depression/depression_seqs/ERR12448641.fastq.gz
ERR12448642	/datasets/project_2/depression/depression_seqs/ERR12448642.fastq.gz
ERR12448643	/datasets/project_2/depression/depression_seqs/ERR12448643.fastq.gz
ERR12448644	/datasets/project_2/depression/depression_seqs/ERR12448644.fastq.gz
ERR12448645	/datasets/project_2/depression/depression_seqs/ERR12448645.fastq.gz
ERR12448646	/datasets/project_2/depression/depression_seqs/ERR12448646.fastq.gz
ERR12448647	/datasets/project_2/depression/depression_seqs/ERR12448647.fastq.gz
ERR12448648	/datasets/project_2/depression/depression_seqs/ERR12448648.fastq.gz
ERR12448649	/datasets/project_2/depression/depression_seqs/ERR12448649.fastq.gz
ERR12448650	/datasets/project_2/depression/depression_seqs/ERR12448650.fastq.gz
ERR12448651	/datasets/project_2/depression/depression_seqs/ERR12448651.fastq.gz
ERR12448652	/datasets/project_2/depression/depression_seqs/ERR12448652.fastq.gz
ERR12448653	/datasets/project_2/depression/depression_seqs/ERR12448653.fastq.gz
ERR12448654	/datasets/project_2/depression/depression_seqs/ERR12448654.fastq.gz
ERR12448655	/datasets/project_2/depression/depression_seqs/ERR12448655.fastq.gz
ERR12448656	/datasets/project_2/depression/depression_seqs/ERR12448656.fastq.gz
ERR12448657	/datasets/project_2/depression/depression_seqs/ERR12448657.fastq.gz
ERR12448658	/datasets/project_2/depression/depression_seqs/ERR12448658.fastq.gz
ERR12448659	/datasets/project_2/depression/depression_seqs/ERR12448659.fastq.gz
ERR12448660	/datasets/project_2/depression/depression_seqs/ERR12448660.fastq.gz
ERR12448661	/datasets/project_2/depression/depression_seqs/ERR12448661.fastq.gz
ERR12448662	/datasets/project_2/depression/depression_seqs/ERR12448662.fastq.gz
ERR12448663	/datasets/project_2/depression/depression_seqs/ERR12448663.fastq.gz
ERR12448664	/datasets/project_2/depression/depression_seqs/ERR12448664.fastq.gz
ERR12448665	/datasets/project_2/depression/depression_seqs/ERR12448665.fastq.gz
ERR12448666	/datasets/project_2/depression/depression_seqs/ERR12448666.fastq.gz
ERR12448667	/datasets/project_2/depression/depression_seqs/ERR12448667.fastq.gz
ERR12448668	/datasets/project_2/depression/depression_seqs/ERR12448668.fastq.gz
ERR12448669	/datasets/project_2/depression/depression_seqs/ERR12448669.fastq.gz
ERR12448670	/datasets/project_2/depression/depression_seqs/ERR12448670.fastq.gz
ERR12448671	/datasets/project_2/depression/depression_seqs/ERR12448671.fastq.gz
ERR12448672	/datasets/project_2/depression/depression_seqs/ERR12448672.fastq.gz
ERR12448673	/datasets/project_2/depression/depression_seqs/ERR12448673.fastq.gz
ERR12448674	/datasets/project_2/depression/depression_seqs/ERR12448674.fastq.gz
ERR12448675	/datasets/project_2/depression/depression_seqs/ERR12448675.fastq.gz
ERR12448676	/datasets/project_2/depression/depression_seqs/ERR12448676.fastq.gz
ERR12448677	/datasets/project_2/depression/depression_seqs/ERR12448677.fastq.gz
ERR12448678	/datasets/project_2/depression/depression_seqs/ERR12448678.fastq.gz
ERR12448679	/datasets/project_2/depression/depression_seqs/ERR12448679.fastq.gz
ERR12448680	/datasets/project_2/depression/depression_seqs/ERR12448680.fastq.gz
ERR12448681	/datasets/project_2/depression/depression_seqs/ERR12448681.fastq.gz
ERR12448682	/datasets/project_2/depression/depression_seqs/ERR12448682.fastq.gz
ERR12448683	/datasets/project_2/depression/depression_seqs/ERR12448683.fastq.gz
ERR12448684	/datasets/project_2/depression/depression_seqs/ERR12448684.fastq.gz
ERR12448685	/datasets/project_2/depression/depression_seqs/ERR12448685.fastq.gz
ERR12448686	/datasets/project_2/depression/depression_seqs/ERR12448686.fastq.gz
ERR12448687	/datasets/project_2/depression/depression_seqs/ERR12448687.fastq.gz
ERR12448688	/datasets/project_2/depression/depression_seqs/ERR12448688.fastq.gz
ERR12448689	/datasets/project_2/depression/depression_seqs/ERR12448689.fastq.gz
ERR12448690	/datasets/project_2/depression/depression_seqs/ERR12448690.fastq.gz
ERR12448691	/datasets/project_2/depression/depression_seqs/ERR12448691.fastq.gz
ERR12448692	/datasets/project_2/depression/depression_seqs/ERR12448692.fastq.gz
ERR12448693	/datasets/project_2/depression/depression_seqs/ERR12448693.fastq.gz
ERR12448694	/datasets/project_2/depression/depression_seqs/ERR12448694.fastq.gz
ERR12448695	/datasets/project_2/depression/depression_seqs/ERR12448695.fastq.gz
ERR12448696	/datasets/project_2/depression/depression_seqs/ERR12448696.fastq.gz
ERR12448697	/datasets/project_2/depression/depression_seqs/ERR12448697.fastq.gz
ERR12448698	/datasets/project_2/depression/depression_seqs/ERR12448698.fastq.gz
ERR12448699	/datasets/project_2/depression/depression_seqs/ERR12448699.fastq.gz
ERR12448700	/datasets/project_2/depression/depression_seqs/ERR12448700.fastq.gz
ERR12448701	/datasets/project_2/depression/depression_seqs/ERR12448701.fastq.gz
ERR12448702	/datasets/project_2/depression/depression_seqs/ERR12448702.fastq.gz
ERR12448703	/datasets/project_2/depression/depression_seqs/ERR12448703.fastq.gz
ERR12448704	/datasets/project_2/depression/depression_seqs/ERR12448704.fastq.gz
ERR12448705	/datasets/project_2/depression/depression_seqs/ERR12448705.fastq.gz
ERR12448706	/datasets/project_2/depression/depression_seqs/ERR12448706.fastq.gz
ERR12448707	/datasets/project_2/depression/depression_seqs/ERR12448707.fastq.gz
ERR12448708	/datasets/project_2/depression/depression_seqs/ERR12448708.fastq.gz
ERR12448709	/datasets/project_2/depression/depression_seqs/ERR12448709.fastq.gz
ERR12448710	/datasets/project_2/depression/depression_seqs/ERR12448710.fastq.gz
ERR12448711	/datasets/project_2/depression/depression_seqs/ERR12448711.fastq.gz
ERR12448712	/datasets/project_2/depression/depression_seqs/ERR12448712.fastq.gz
ERR12448713	/datasets/project_2/depression/depression_seqs/ERR12448713.fastq.gz
ERR12448714	/datasets/project_2/depression/depression_seqs/ERR12448714.fastq.gz
ERR12448715	/datasets/project_2/depression/depression_seqs/ERR12448715.fastq.gz
ERR12448716	/datasets/project_2/depression/depression_seqs/ERR12448716.fastq.gz
ERR12448717	/datasets/project_2/depression/depression_seqs/ERR12448717.fastq.gz
ERR12448718	/datasets/project_2/depression/depression_seqs/ERR12448718.fastq.gz
ERR12448719	/datasets/project_2/depression/depression_seqs/ERR12448719.fastq.gz
ERR12448720	/datasets/project_2/depression/depression_seqs/ERR12448720.fastq.gz
ERR12448721	/datasets/project_2/depression/depression_seqs/ERR12448721.fastq.gz
ERR12448722	/datasets/project_2/depression/depression_seqs/ERR12448722.fastq.gz
ERR12448723	/datasets/project_2/depression/depression_seqs/ERR12448723.fastq.gz
ERR12448724	/datasets/project_2/depression/depression_seqs/ERR12448724.fastq.gz
ERR12448725	/datasets/project_2/depression/depression_seqs/ERR12448725.fastq.gz
ERR12448726	/datasets/project_2/depression/depression_seqs/ERR12448726.fastq.gz
ERR12448727	/datasets/project_2/depression/depression_seqs/ERR12448727.fastq.gz
ERR12448728	/datasets/project_2/depression/depression_seqs/ERR12448728.fastq.gz
ERR12448729	/datasets/project_2/depression/depression_seqs/ERR12448729.fastq.gz
ERR12448730	/datasets/project_2/depression/depression_seqs/ERR12448730.fastq.gz
ERR12448731	/datasets/project_2/depression/depression_seqs/ERR12448731.fastq.gz
ERR12448732	/datasets/project_2/depression/depression_seqs/ERR12448732.fastq.gz
ERR12448733	/datasets/project_2/depression/depression_seqs/ERR12448733.fastq.gz
ERR12448734	/datasets/project_2/depression/depression_seqs/ERR12448734.fastq.gz
ERR12448735	/datasets/project_2/depression/depression_seqs/ERR12448735.fastq.gz
ERR12448736	/datasets/project_2/depression/depression_seqs/ERR12448736.fastq.gz
ERR12448737	/datasets/project_2/depression/depression_seqs/ERR12448737.fastq.gz
ERR12448738	/datasets/project_2/depression/depression_seqs/ERR12448738.fastq.gz
ERR12448739	/datasets/project_2/depression/depression_seqs/ERR12448739.fastq.gz
ERR12448740	/datasets/project_2/depression/depression_seqs/ERR12448740.fastq.gz
ERR12448741	/datasets/project_2/depression/depression_seqs/ERR12448741.fastq.gz
ERR12448742	/datasets/project_2/depression/depression_seqs/ERR12448742.fastq.gz
ERR12448743	/datasets/project_2/depression/depression_seqs/ERR12448743.fastq.gz
ERR12448744	/datasets/project_2/depression/depression_seqs/ERR12448744.fastq.gz
ERR12448745	/datasets/project_2/depression/depression_seqs/ERR12448745.fastq.gz
ERR12448746	/datasets/project_2/depression/depression_seqs/ERR12448746.fastq.gz
ERR12448747	/datasets/project_2/depression/depression_seqs/ERR12448747.fastq.gz
ERR12448748	/datasets/project_2/depression/depression_seqs/ERR12448748.fastq.gz
ERR12448749	/datasets/project_2/depression/depression_seqs/ERR12448749.fastq.gz
ERR12448750	/datasets/project_2/depression/depression_seqs/ERR12448750.fastq.gz
ERR12448751	/datasets/project_2/depression/depression_seqs/ERR12448751.fastq.gz
ERR12448752	/datasets/project_2/depression/depression_seqs/ERR12448752.fastq.gz
ERR12448753	/datasets/project_2/depression/depression_seqs/ERR12448753.fastq.gz
ERR12448754	/datasets/project_2/depression/depression_seqs/ERR12448754.fastq.gz
ERR12448755	/datasets/project_2/depression/depression_seqs/ERR12448755.fastq.gz
ERR12448756	/datasets/project_2/depression/depression_seqs/ERR12448756.fastq.gz
ERR12448757	/datasets/project_2/depression/depression_seqs/ERR12448757.fastq.gz
ERR12448758	/datasets/project_2/depression/depression_seqs/ERR12448758.fastq.gz
ERR12448759	/datasets/project_2/depression/depression_seqs/ERR12448759.fastq.gz
ERR12448760	/datasets/project_2/depression/depression_seqs/ERR12448760.fastq.gz
ERR12448761	/datasets/project_2/depression/depression_seqs/ERR12448761.fastq.gz
ERR12448762	/datasets/project_2/depression/depression_seqs/ERR12448762.fastq.gz
ERR12448763	/datasets/project_2/depression/depression_seqs/ERR12448763.fastq.gz
ERR12448764	/datasets/project_2/depression/depression_seqs/ERR12448764.fastq.gz
ERR12448765	/datasets/project_2/depression/depression_seqs/ERR12448765.fastq.gz
ERR12448766	/datasets/project_2/depression/depression_seqs/ERR12448766.fastq.gz
ERR12448767	/datasets/project_2/depression/depression_seqs/ERR12448767.fastq.gz
ERR12448768	/datasets/project_2/depression/depression_seqs/ERR12448768.fastq.gz
ERR12448769	/datasets/project_2/depression/depression_seqs/ERR12448769.fastq.gz
ERR12448770	/datasets/project_2/depression/depression_seqs/ERR12448770.fastq.gz
ERR12448771	/datasets/project_2/depression/depression_seqs/ERR12448771.fastq.gz
ERR12448772	/datasets/project_2/depression/depression_seqs/ERR12448772.fastq.gz
ERR12448773	/datasets/project_2/depression/depression_seqs/ERR12448773.fastq.gz
ERR12448774	/datasets/project_2/depression/depression_seqs/ERR12448774.fastq.gz
ERR12448775	/datasets/project_2/depression/depression_seqs/ERR12448775.fastq.gz
ERR12448776	/datasets/project_2/depression/depression_seqs/ERR12448776.fastq.gz
ERR12448777	/datasets/project_2/depression/depression_seqs/ERR12448777.fastq.gz
ERR12448778	/datasets/project_2/depression/depression_seqs/ERR12448778.fastq.gz
ERR12448779	/datasets/project_2/depression/depression_seqs/ERR12448779.fastq.gz
ERR12448780	/datasets/project_2/depression/depression_seqs/ERR12448780.fastq.gz
ERR12448781	/datasets/project_2/depression/depression_seqs/ERR12448781.fastq.gz
ERR12448782	/datasets/project_2/depression/depression_seqs/ERR12448782.fastq.gz
ERR12448783	/datasets/project_2/depression/depression_seqs/ERR12448783.fastq.gz
ERR12448784	/datasets/project_2/depression/depression_seqs/ERR12448784.fastq.gz
ERR12448785	/datasets/project_2/depression/depression_seqs/ERR12448785.fastq.gz
ERR12448786	/datasets/project_2/depression/depression_seqs/ERR12448786.fastq.gz
ERR12448787	/datasets/project_2/depression/depression_seqs/ERR12448787.fastq.gz
ERR12448788	/datasets/project_2/depression/depression_seqs/ERR12448788.fastq.gz
ERR12448789	/datasets/project_2/depression/depression_seqs/ERR12448789.fastq.gz
ERR12448790	/datasets/project_2/depression/depression_seqs/ERR12448790.fastq.gz
ERR12448791	/datasets/project_2/depression/depression_seqs/ERR12448791.fastq.gz
ERR12448792	/datasets/project_2/depression/depression_seqs/ERR12448792.fastq.gz
ERR12448793	/datasets/project_2/depression/depression_seqs/ERR12448793.fastq.gz
ERR12448794	/datasets/project_2/depression/depression_seqs/ERR12448794.fastq.gz
ERR12448795	/datasets/project_2/depression/depression_seqs/ERR12448795.fastq.gz
ERR12448796	/datasets/project_2/depression/depression_seqs/ERR12448796.fastq.gz
ERR12448797	/datasets/project_2/depression/depression_seqs/ERR12448797.fastq.gz
ERR12448798	/datasets/project_2/depression/depression_seqs/ERR12448798.fastq.gz
ERR12448799	/datasets/project_2/depression/depression_seqs/ERR12448799.fastq.gz
ERR12448800	/datasets/project_2/depression/depression_seqs/ERR12448800.fastq.gz
ERR12448801	/datasets/project_2/depression/depression_seqs/ERR12448801.fastq.gz
ERR12448802	/datasets/project_2/depression/depression_seqs/ERR12448802.fastq.gz
ERR12448803	/datasets/project_2/depression/depression_seqs/ERR12448803.fastq.gz
ERR12448804	/datasets/project_2/depression/depression_seqs/ERR12448804.fastq.gz
ERR12448805	/datasets/project_2/depression/depression_seqs/ERR12448805.fastq.gz
ERR12448806	/datasets/project_2/depression/depression_seqs/ERR12448806.fastq.gz
ERR12448807	/datasets/project_2/depression/depression_seqs/ERR12448807.fastq.gz
ERR12448808	/datasets/project_2/depression/depression_seqs/ERR12448808.fastq.gz
ERR12448809	/datasets/project_2/depression/depression_seqs/ERR12448809.fastq.gz
ERR12448810	/datasets/project_2/depression/depression_seqs/ERR12448810.fastq.gz
ERR12448811	/datasets/project_2/depression/depression_seqs/ERR12448811.fastq.gz
ERR12448812	/datasets/project_2/depression/depression_seqs/ERR12448812.fastq.gz
ERR12448813	/datasets/project_2/depression/depression_seqs/ERR12448813.fastq.gz
ERR12448814	/datasets/project_2/depression/depression_seqs/ERR12448814.fastq.gz
ERR12448815	/datasets/project_2/depression/depression_seqs/ERR12448815.fastq.gz
ERR12448816	/datasets/project_2/depression/depression_seqs/ERR12448816.fastq.gz
ERR12448817	/datasets/project_2/depression/depression_seqs/ERR12448817.fastq.gz
ERR12448818	/datasets/project_2/depression/depression_seqs/ERR12448818.fastq.gz
ERR12448819	/datasets/project_2/depression/depression_seqs/ERR12448819.fastq.gz
ERR12448820	/datasets/project_2/depression/depression_seqs/ERR12448820.fastq.gz
ERR12448821	/datasets/project_2/depression/depression_seqs/ERR12448821.fastq.gz
ERR12448822	/datasets/project_2/depression/depression_seqs/ERR12448822.fastq.gz
ERR12448823	/datasets/project_2/depression/depression_seqs/ERR12448823.fastq.gz
ERR12448824	/datasets/project_2/depression/depression_seqs/ERR12448824.fastq.gz
ERR12448825	/datasets/project_2/depression/depression_seqs/ERR12448825.fastq.gz
ERR12448826	/datasets/project_2/depression/depression_seqs/ERR12448826.fastq.gz
ERR12448827	/datasets/project_2/depression/depression_seqs/ERR12448827.fastq.gz
ERR12448828	/datasets/project_2/depression/depression_seqs/ERR12448828.fastq.gz
ERR12448829	/datasets/project_2/depression/depression_seqs/ERR12448829.fastq.gz
ERR12448830	/datasets/project_2/depression/depression_seqs/ERR12448830.fastq.gz
ERR12448831	/datasets/project_2/depression/depression_seqs/ERR12448831.fastq.gz
ERR12448832	/datasets/project_2/depression/depression_seqs/ERR12448832.fastq.gz
ERR12448833	/datasets/project_2/depression/depression_seqs/ERR12448833.fastq.gz
ERR12448834	/datasets/project_2/depression/depression_seqs/ERR12448834.fastq.gz
ERR12448835	/datasets/project_2/depression/depression_seqs/ERR12448835.fastq.gz
ERR12448836	/datasets/project_2/depression/depression_seqs/ERR12448836.fastq.gz
ERR12448837	/datasets/project_2/depression/depression_seqs/ERR12448837.fastq.gz
ERR12448838	/datasets/project_2/depression/depression_seqs/ERR12448838.fastq.gz
ERR12448839	/datasets/project_2/depression/depression_seqs/ERR12448839.fastq.gz
ERR12448840	/datasets/project_2/depression/depression_seqs/ERR12448840.fastq.gz
ERR12448841	/datasets/project_2/depression/depression_seqs/ERR12448841.fastq.gz
ERR12448842	/datasets/project_2/depression/depression_seqs/ERR12448842.fastq.gz
ERR12448843	/datasets/project_2/depression/depression_seqs/ERR12448843.fastq.gz
ERR12448844	/datasets/project_2/depression/depression_seqs/ERR12448844.fastq.gz
